[{"id":"user-image-Me-transformed.jpeg","publicUrl":"np://user.desktop.nicepage.com/Site_79313350/images/Me-transformed.jpeg","size":4770583,"hash":"Xdxg/NzL3D363W7KyWS+3C4HI78=","fileName":"Me-transformed.jpeg","name":"Me-transformed","width":2592,"height":3888,"thumbnail":{"url":"np://user.desktop.nicepage.com/Site_79313350/images/thumbnails/Me-transformed.jpeg","width":167,"height":250},"folderId":null,"usages":["95615987"]},{"id":"user-image-dan-meyers-you-matter.jpg","publicUrl":"np://user.desktop.nicepage.com/Site_79313350/images/dan-meyers-you-matter.jpg","size":1401143,"hash":"KjoNHVduV7WBv5zoFDp8RLAGbTs=","fileName":"dan-meyers-you-matter.jpg","name":"dan-meyers-you-matter","width":2400,"height":1600,"thumbnail":{"url":"np://user.desktop.nicepage.com/Site_79313350/images/thumbnails/dan-meyers-you-matter.jpg","width":250,"height":167},"folderId":null,"usages":["95615987"]},{"id":"user-image-lesly-juarez-DFtjXYd5Pto-unsplash.jpg","publicUrl":"np://user.desktop.nicepage.com/Site_79313350/images/lesly-juarez-DFtjXYd5Pto-unsplash.jpg","size":263725,"hash":"6Km1KMEZsTzUEaWM/F9B6w0nuy0=","fileName":"lesly-juarez-DFtjXYd5Pto-unsplash.jpg","name":"lesly-juarez-DFtjXYd5Pto-unsplash","width":2400,"height":1600,"thumbnail":{"url":"np://user.desktop.nicepage.com/Site_79313350/images/thumbnails/lesly-juarez-DFtjXYd5Pto-unsplash.jpg","width":250,"height":167},"folderId":null,"usages":["95615987"]},{"id":"user-image-nik-destinations.jpg","publicUrl":"np://user.desktop.nicepage.com/Site_79313350/images/nik-destinations.jpg","size":704907,"hash":"ptZvFOeunc95sAWkYXWWIQ67ieA=","fileName":"nik-destinations.jpg","name":"nik-destinations","width":2400,"height":2930,"thumbnail":{"url":"np://user.desktop.nicepage.com/Site_79313350/images/thumbnails/nik-destinations.jpg","width":205,"height":250},"folderId":null,"usages":["95615987"]},{"id":"user-image-618.png","publicUrl":"np://user.desktop.nicepage.com/Site_79313350/images/618.png","size":1337,"hash":"9wnazvYM9Gv9BXkDJast8uiKg68=","fileName":"618.png","name":"618","width":128,"height":128,"thumbnail":{"url":"np://user.desktop.nicepage.com/Site_79313350/images/thumbnails/618.png","width":128,"height":128,"length":1337,"type":"png"},"folderId":null,"usages":["95615987"]},{"id":"user-image-1b7ec5_824a28bd7b4c4057bb609314c078998cmv2.png","publicUrl":"np://user.desktop.nicepage.com/Site_79313350/images/1b7ec5_824a28bd7b4c4057bb609314c078998cmv2.png","size":43592,"hash":"SHRzzElHTy2zopMtVZBA1AWsxIQ=","fileName":"1b7ec5_824a28bd7b4c4057bb609314c078998cmv2.png","name":"1b7ec5_824a28bd7b4c4057bb609314c078998cmv2","width":1000,"height":360,"thumbnail":{"url":"np://user.desktop.nicepage.com/Site_79313350/images/thumbnails/1b7ec5_824a28bd7b4c4057bb609314c078998cmv2.png","width":250,"height":90},"folderId":null,"usages":["95615987"]},{"id":"user-image-482247372_1056200106540616_1188807072012652045_n.jpg","publicUrl":"np://user.desktop.nicepage.com/Site_79313350/images/482247372_1056200106540616_1188807072012652045_n.jpg","size":83691,"hash":"vFVOD1KelCgwv22kze4jTPjph5g=","fileName":"482247372_1056200106540616_1188807072012652045_n.jpg","name":"482247372_1056200106540616_1188807072012652045_n","width":1080,"height":1080,"thumbnail":{"url":"np://user.desktop.nicepage.com/Site_79313350/images/thumbnails/482247372_1056200106540616_1188807072012652045_n.jpg","width":250,"height":250},"folderId":null,"usages":["95615987"]},{"id":"user-image-stop-domestic-violence-lettering-quote-600nw-2458318179.webp","publicUrl":"np://user.desktop.nicepage.com/Site_79313350/images/stop-domestic-violence-lettering-quote-600nw-2458318179.webp","size":29192,"hash":"obU+ssWZZAdFb973jLJqqJXFXW0=","fileName":"stop-domestic-violence-lettering-quote-600nw-2458318179.webp","name":"stop-domestic-violence-lettering-quote-600nw-2458318179","width":600,"height":400,"thumbnail":{"url":"np://user.desktop.nicepage.com/Site_79313350/images/thumbnails/stop-domestic-violence-lettering-quote-600nw-2458318179.webp","width":250,"height":167},"folderId":null,"usages":["95615987"]},{"id":"user-image-487224209_1085549943612092_7383509816348869643_n.jpg","publicUrl":"np://user.desktop.nicepage.com/Site_79313350/images/487224209_1085549943612092_7383509816348869643_n.jpg","size":39358,"hash":"RQ6Kv1slT68GQVqW8pLCxkHkk7Q=","fileName":"487224209_1085549943612092_7383509816348869643_n.jpg","name":"487224209_1085549943612092_7383509816348869643_n","width":960,"height":960,"thumbnail":{"url":"np://user.desktop.nicepage.com/Site_79313350/images/thumbnails/487224209_1085549943612092_7383509816348869643_n.jpg","width":250,"height":250},"folderId":null,"usages":["95615987"]},{"id":"user-image-8841139.png","publicUrl":"np://user.desktop.nicepage.com/Site_79313350/images/8841139.png","size":1308,"hash":"rmEihHux3XwO/qqcE1E3wsMvyJI=","fileName":"8841139.png","name":"8841139","width":128,"height":128,"thumbnail":{"url":"np://user.desktop.nicepage.com/Site_79313350/images/thumbnails/8841139.png","width":128,"height":128,"length":1308,"type":"png"},"folderId":null,"usages":["95615987"]},{"id":"user-image-howareyoureally-unsplash1.jpg","publicUrl":"np://user.desktop.nicepage.com/Site_79313350/images/howareyoureally-unsplash1.jpg","size":4212452,"hash":"0kfRopHFwVdV1S8cCmcE6Rr3Cp8=","fileName":"howareyoureally-unsplash1.jpg","name":"howareyoureally-unsplash1","width":3163,"height":4742,"thumbnail":{"url":"np://user.desktop.nicepage.com/Site_79313350/images/thumbnails/howareyoureally-unsplash1.jpg","width":167,"height":250},"folderId":null,"usages":["95615987"]},{"id":"user-image-248522.png","publicUrl":"np://user.desktop.nicepage.com/Site_79313350/images/248522.png","size":4124,"hash":"Nh9DK6dUmIP7cPfFoBSMrBFgwm4=","fileName":"248522.png","name":"248522","width":128,"height":128,"thumbnail":{"url":"np://user.desktop.nicepage.com/Site_79313350/images/thumbnails/248522.png","width":128,"height":128,"length":4124,"type":"png"},"folderId":null,"usages":["95615987"]},{"id":"user-image-1077063.png","publicUrl":"np://user.desktop.nicepage.com/Site_79313350/images/1077063.png","size":3753,"hash":"mXKiEn6VHpDVaS8JSOumMC3ANsI=","fileName":"1077063.png","name":"1077063","width":128,"height":128,"thumbnail":{"url":"np://user.desktop.nicepage.com/Site_79313350/images/thumbnails/1077063.png","width":128,"height":128,"length":3753,"type":"png"},"folderId":null,"usages":["95615987"]},{"id":"user-image-1063376.png","publicUrl":"np://user.desktop.nicepage.com/Site_79313350/images/1063376.png","size":1959,"hash":"W8xfRuWNFl7tlm37r0OiTFItwCs=","fileName":"1063376.png","name":"1063376","width":128,"height":128,"thumbnail":{"url":"np://user.desktop.nicepage.com/Site_79313350/images/thumbnails/1063376.png","width":128,"height":128,"length":1959,"type":"png"},"folderId":null,"usages":["95615987"]},{"id":"user-image-535239.png","publicUrl":"np://user.desktop.nicepage.com/Site_79313350/images/535239.png","size":4757,"hash":"ky9ja2H8TObHamdERZeshTAAJWg=","fileName":"535239.png","name":"535239","width":128,"height":128,"thumbnail":{"url":"np://user.desktop.nicepage.com/Site_79313350/images/thumbnails/535239.png","width":128,"height":128,"length":4757,"type":"png"},"folderId":null,"usages":["95615987"]},{"id":"user-image-1006771.png","publicUrl":"np://user.desktop.nicepage.com/Site_79313350/images/1006771.png","size":4991,"hash":"5fCO95MwPGJotuIKNAzQiwP9+ZE=","fileName":"1006771.png","name":"1006771","width":128,"height":128,"thumbnail":{"url":"np://user.desktop.nicepage.com/Site_79313350/images/thumbnails/1006771.png","width":128,"height":128,"length":4991,"type":"png"},"folderId":null,"usages":["95615987"]},{"id":"user-image-1257.png","publicUrl":"np://user.desktop.nicepage.com/Site_79313350/images/1257.png","size":2061,"hash":"YyIgpDpRhQ1ECzztqklefz31Hxk=","fileName":"1257.png","name":"1257","width":128,"height":128,"thumbnail":{"url":"np://user.desktop.nicepage.com/Site_79313350/images/thumbnails/1257.png","width":128,"height":128,"length":2061,"type":"png"},"folderId":null,"usages":["95615987"]},{"id":"user-image-646094.png","publicUrl":"np://user.desktop.nicepage.com/Site_79313350/images/646094.png","size":2920,"hash":"D4R2eI+UniH8DFN5GIjVyvdbvvY=","fileName":"646094.png","name":"646094","width":128,"height":128,"thumbnail":{"url":"np://user.desktop.nicepage.com/Site_79313350/images/thumbnails/646094.png","width":128,"height":128,"length":2920,"type":"png"},"folderId":null,"usages":["95615987"]},{"id":"user-image-linkedin-icon-logo-png-transparent.png","publicUrl":"np://user.desktop.nicepage.com/Site_79313350/images/linkedin-icon-logo-png-transparent.png","size":222072,"hash":"DN+dFFgniNoKHBAc335C9UUPWaU=","fileName":"linkedin-icon-logo-png-transparent.png","name":"linkedin-icon-logo-png-transparent","width":2400,"height":2400,"thumbnail":{"url":"np://user.desktop.nicepage.com/Site_79313350/images/thumbnails/linkedin-icon-logo-png-transparent.png","width":250,"height":250},"folderId":null,"usages":["95615987"]},{"id":"user-image-psychology-today-og.png","publicUrl":"np://user.desktop.nicepage.com/Site_79313350/images/psychology-today-og.png","size":23714,"hash":"Gc9fyQolQ/zHqzaAM32ZkZWt6SY=","fileName":"psychology-today-og.png","name":"psychology-today-og","width":1080,"height":1080,"thumbnail":{"url":"np://user.desktop.nicepage.com/Site_79313350/images/thumbnails/psychology-today-og.png","width":250,"height":250},"folderId":null,"usages":["95615987"]}]