[{"id":689028781,"title":"Blog Template","order":1,"templateKey":"blog","customTemplate":false,"customTemplateFilename":null,"pageLinks":[],"dateCreated":"2025-04-22T21:25:42.108Z","dateUpdated":"2025-04-22T21:25:43.330Z","folderId":null,"pageName":"Blog Template","serverPageId":null,"sectionCount":1,"status":2,"backwardUrl":null},{"id":7670018,"title":"Post Template","order":2,"templateKey":"post","customTemplate":false,"customTemplateFilename":null,"pageLinks":[],"dateCreated":"2025-04-22T21:25:42.239Z","dateUpdated":"2025-04-22T21:25:43.330Z","folderId":null,"pageName":"Post Template","serverPageId":null,"sectionCount":1,"status":2,"backwardUrl":null},{"id":1482120098,"title":"Product List Template","order":3,"templateKey":"products","customTemplate":false,"customTemplateFilename":null,"pageLinks":[],"dateCreated":"2025-04-22T21:25:42.369Z","dateUpdated":"2025-04-22T21:25:43.330Z","folderId":null,"pageName":"Product List Template","serverPageId":null,"sectionCount":1,"status":2,"backwardUrl":null},{"id":8033330,"title":"Product Details Template","order":4,"templateKey":"product","customTemplate":false,"customTemplateFilename":null,"pageLinks":[],"dateCreated":"2025-04-22T21:25:42.497Z","dateUpdated":"2025-04-22T21:25:43.330Z","folderId":null,"pageName":"Product Details Template","serverPageId":null,"sectionCount":1,"status":2,"backwardUrl":null},{"id":288513922,"title":"Shopping Cart Template","order":5,"templateKey":"cart","customTemplate":false,"customTemplateFilename":null,"pageLinks":[],"dateCreated":"2025-04-22T21:25:42.604Z","dateUpdated":"2025-04-22T21:25:43.331Z","folderId":null,"pageName":"Shopping Cart Template","serverPageId":null,"sectionCount":1,"status":2,"backwardUrl":null},{"id":793403101,"title":"Checkout Template","order":6,"templateKey":"checkout","customTemplate":false,"customTemplateFilename":null,"pageLinks":[],"dateCreated":"2025-04-22T21:25:42.744Z","dateUpdated":"2025-04-22T21:25:43.331Z","folderId":null,"pageName":"Checkout Template","serverPageId":null,"sectionCount":1,"status":2,"backwardUrl":null},{"id":66745393,"title":"Login Template","order":7,"templateKey":"login","customTemplate":false,"customTemplateFilename":null,"pageLinks":[],"dateCreated":"2025-04-22T21:25:42.826Z","dateUpdated":"2025-04-22T21:25:43.331Z","folderId":null,"pageName":"Login Template","serverPageId":null,"sectionCount":1,"status":2,"backwardUrl":null},{"id":164717695,"title":"Search Page Template","order":8,"templateKey":"Search","customTemplate":false,"customTemplateFilename":null,"pageLinks":[],"dateCreated":"2025-04-22T21:25:42.885Z","dateUpdated":"2025-04-22T21:25:43.331Z","folderId":null,"pageName":"Search Page Template","serverPageId":null,"sectionCount":1,"status":2,"backwardUrl":null},{"id":46344647,"title":"Page Password Template","order":9,"templateKey":"password","customTemplate":false,"customTemplateFilename":null,"pageLinks":[],"dateCreated":"2025-04-22T21:25:42.956Z","dateUpdated":"2025-04-22T21:25:43.331Z","folderId":null,"pageName":"Page Password Template","serverPageId":null,"sectionCount":1,"status":2,"backwardUrl":null},{"id":56376154,"title":"404 Not Found Template","order":10,"templateKey":"404","customTemplate":false,"customTemplateFilename":null,"pageLinks":[],"dateCreated":"2025-04-22T21:25:43.012Z","dateUpdated":"2025-04-22T21:25:43.331Z","folderId":null,"pageName":"404 Not Found Template","serverPageId":null,"sectionCount":1,"status":2,"backwardUrl":null},{"id":83248247,"title":"Thank You Page Template","order":11,"templateKey":"ThankYou","customTemplate":false,"customTemplateFilename":null,"pageLinks":[],"dateCreated":"2025-04-22T21:25:43.062Z","dateUpdated":"2025-04-22T21:25:43.331Z","folderId":null,"pageName":"Thank You Page Template","serverPageId":null,"sectionCount":1,"status":2,"backwardUrl":null},{"id":728102361,"title":"Home","order":50,"templateKey":null,"customTemplate":false,"customTemplateFilename":null,"pageLinks":[],"dateCreated":"2025-04-22T21:25:43.706Z","dateUpdated":"2025-04-22T21:26:19.761Z","folderId":null,"pageName":"Home_728102361","serverPageId":null,"sectionCount":1,"status":2,"backwardUrl":null},{"id":914624137,"title":"About","order":100,"templateKey":null,"customTemplate":false,"customTemplateFilename":null,"pageLinks":[],"dateCreated":"2025-04-22T21:25:43.098Z","dateUpdated":"2025-04-22T21:25:43.331Z","folderId":null,"pageName":"About_914624137","serverPageId":null,"sectionCount":1,"status":2,"backwardUrl":null},{"id":80559932,"title":"Contact","order":101,"templateKey":null,"customTemplate":false,"customTemplateFilename":null,"pageLinks":[],"dateCreated":"2025-04-22T21:25:43.124Z","dateUpdated":"2025-04-22T21:25:43.331Z","folderId":null,"pageName":"Contact_80559932","serverPageId":null,"sectionCount":1,"status":2,"backwardUrl":null},{"id":655922005,"title":"Page 1","order":102,"templateKey":null,"customTemplate":false,"customTemplateFilename":null,"pageLinks":[],"dateCreated":"2025-04-22T21:26:33.819Z","dateUpdated":"2025-04-22T21:27:47.437Z","folderId":null,"pageName":"Page 1_655922005","serverPageId":null,"sectionCount":3,"status":2,"backwardUrl":null},{"id":95615987,"title":"Page 2","order":103,"templateKey":null,"customTemplate":false,"customTemplateFilename":null,"pageLinks":["80559932"],"dateCreated":"2025-04-22T21:29:03.278Z","dateUpdated":"2025-04-23T00:18:04.198Z","folderId":null,"pageName":"Page 2_95615987","serverPageId":null,"sectionCount":11,"status":2,"backwardUrl":null}]